{
  "11": {
    "code": "110000",
    "text": "北京市"
  },
  "12": {
    "code": "120000",
    "text": "天津市"
  },
  "13": {
    "code": "130000",
    "text": "河北省"
  },
  "14": {
    "code": "140000",
    "text": "山西省"
  },
  "15": {
    "code": "150000",
    "text": "内蒙古自治区"
  },
  "21": {
    "code": "210000",
    "text": "辽宁省"
  },
  "22": {
    "code": "220000",
    "text": "吉林省"
  },
  "23": {
    "code": "230000",
    "text": "黑龙江省"
  },
  "31": {
    "code": "310000",
    "text": "上海市"
  },
  "32": {
    "code": "320000",
    "text": "江苏省"
  },
  "33": {
    "code": "330000",
    "text": "浙江省"
  },
  "34": {
    "code": "340000",
    "text": "安徽省"
  },
  "35": {
    "code": "350000",
    "text": "福建省"
  },
  "36": {
    "code": "360000",
    "text": "江西省"
  },
  "37": {
    "code": "370000",
    "text": "山东省"
  },
  "41": {
    "code": "410000",
    "text": "河南省"
  },
  "42": {
    "code": "420000",
    "text": "湖北省"
  },
  "43": {
    "code": "430000",
    "text": "湖南省"
  },
  "44": {
    "code": "440000",
    "text": "广东省"
  },
  "45": {
    "code": "450000",
    "text": "广西壮族自治区"
  },
  "46": {
    "code": "460000",
    "text": "海南省"
  },
  "50": {
    "code": "500000",
    "text": "重庆市"
  },
  "51": {
    "code": "510000",
    "text": "四川省"
  },
  "52": {
    "code": "520000",
    "text": "贵州省"
  },
  "53": {
    "code": "530000",
    "text": "云南省"
  },
  "54": {
    "code": "540000",
    "text": "西藏自治区"
  },
  "61": {
    "code": "610000",
    "text": "陕西省"
  },
  "62": {
    "code": "620000",
    "text": "甘肃省"
  },
  "63": {
    "code": "630000",
    "text": "青海省"
  },
  "64": {
    "code": "640000",
    "text": "宁夏回族自治区"
  },
  "65": {
    "code": "650000",
    "text": "新疆维吾尔自治区"
  },
  "71": {
    "code": "710000",
    "text": "台湾省"
  },
  "81": {
    "code": "810000",
    "text": "香港特别行政区"
  },
  "82": {
    "code": "820000",
    "text": "澳门特别行政区"
  }
}
