{
  "1101": {
    "code": "110100",
    "text": "市辖区"
  },
  "1102": {
    "code": "110200",
    "text": "县"
  },
  "1201": {
    "code": "120100",
    "text": "市辖区"
  },
  "1202": {
    "code": "120200",
    "text": "县"
  },
  "1301": {
    "code": "130100",
    "text": "石家庄市"
  },
  "1302": {
    "code": "130200",
    "text": "唐山市"
  },
  "1303": {
    "code": "130300",
    "text": "秦皇岛市"
  },
  "1304": {
    "code": "130400",
    "text": "邯郸市"
  },
  "1305": {
    "code": "130500",
    "text": "邢台市"
  },
  "1306": {
    "code": "130600",
    "text": "保定市"
  },
  "1307": {
    "code": "130700",
    "text": "张家口市"
  },
  "1308": {
    "code": "130800",
    "text": "承德市"
  },
  "1309": {
    "code": "130900",
    "text": "沧州市"
  },
  "1310": {
    "code": "131000",
    "text": "廊坊市"
  },
  "1311": {
    "code": "131100",
    "text": "衡水市"
  },
  "1321": {
    "code": "132100",
    "text": "邯郸地区"
  },
  "1322": {
    "code": "132200",
    "text": "邢台地区"
  },
  "1323": {
    "code": "132300",
    "text": "石家庄地区"
  },
  "1324": {
    "code": "132400",
    "text": "保定地区"
  },
  "1325": {
    "code": "132500",
    "text": "张家口地区"
  },
  "1326": {
    "code": "132600",
    "text": "承德地区"
  },
  "1327": {
    "code": "132700",
    "text": "唐山地区"
  },
  "1328": {
    "code": "132800",
    "text": "廊坊地区"
  },
  "1329": {
    "code": "132900",
    "text": "沧州地区"
  },
  "1330": {
    "code": "133000",
    "text": "衡水地区"
  },
  "1401": {
    "code": "140100",
    "text": "太原市"
  },
  "1402": {
    "code": "140200",
    "text": "大同市"
  },
  "1403": {
    "code": "140300",
    "text": "阳泉市"
  },
  "1404": {
    "code": "140400",
    "text": "长治市"
  },
  "1405": {
    "code": "140500",
    "text": "晋城市"
  },
  "1406": {
    "code": "140600",
    "text": "朔州市"
  },
  "1407": {
    "code": "140700",
    "text": "晋中市"
  },
  "1408": {
    "code": "140800",
    "text": "运城市"
  },
  "1409": {
    "code": "140900",
    "text": "忻州市"
  },
  "1410": {
    "code": "141000",
    "text": "临汾市"
  },
  "1411": {
    "code": "141100",
    "text": "吕梁市"
  },
  "1421": {
    "code": "142100",
    "text": "雁北地区"
  },
  "1422": {
    "code": "142200",
    "text": "忻州地区"
  },
  "1423": {
    "code": "142300",
    "text": "吕梁地区"
  },
  "1424": {
    "code": "142400",
    "text": "晋中地区"
  },
  "1425": {
    "code": "142500",
    "text": "晋东南地区"
  },
  "1426": {
    "code": "142600",
    "text": "临汾地区"
  },
  "1427": {
    "code": "142700",
    "text": "运城地区"
  },
  "1501": {
    "code": "150100",
    "text": "呼和浩特市"
  },
  "1502": {
    "code": "150200",
    "text": "包头市"
  },
  "1503": {
    "code": "150300",
    "text": "乌海市"
  },
  "1504": {
    "code": "150400",
    "text": "赤峰市"
  },
  "1505": {
    "code": "150500",
    "text": "通辽市"
  },
  "1506": {
    "code": "150600",
    "text": "鄂尔多斯市"
  },
  "1507": {
    "code": "150700",
    "text": "呼伦贝尔市"
  },
  "1508": {
    "code": "150800",
    "text": "巴彦淖尔市"
  },
  "1509": {
    "code": "150900",
    "text": "乌兰察布市"
  },
  "1521": {
    "code": "152100",
    "text": "呼伦贝尔盟"
  },
  "1522": {
    "code": "152200",
    "text": "兴安盟"
  },
  "1523": {
    "code": "152300",
    "text": "哲里木盟"
  },
  "1524": {
    "code": "152400",
    "text": "昭乌达盟"
  },
  "1525": {
    "code": "152500",
    "text": "锡林郭勒盟"
  },
  "1526": {
    "code": "152600",
    "text": "乌兰察布盟"
  },
  "1527": {
    "code": "152700",
    "text": "伊克昭盟"
  },
  "1528": {
    "code": "152800",
    "text": "巴彦淖尔盟"
  },
  "1529": {
    "code": "152900",
    "text": "阿拉善盟"
  },
  "2101": {
    "code": "210100",
    "text": "沈阳市"
  },
  "2102": {
    "code": "210200",
    "text": "大连市"
  },
  "2103": {
    "code": "210300",
    "text": "鞍山市"
  },
  "2104": {
    "code": "210400",
    "text": "抚顺市"
  },
  "2105": {
    "code": "210500",
    "text": "本溪市"
  },
  "2106": {
    "code": "210600",
    "text": "丹东市"
  },
  "2107": {
    "code": "210700",
    "text": "锦州市"
  },
  "2108": {
    "code": "210800",
    "text": "营口市"
  },
  "2109": {
    "code": "210900",
    "text": "阜新市"
  },
  "2110": {
    "code": "211000",
    "text": "辽阳市"
  },
  "2111": {
    "code": "211100",
    "text": "盘锦市"
  },
  "2112": {
    "code": "211200",
    "text": "铁岭市"
  },
  "2113": {
    "code": "211300",
    "text": "朝阳市"
  },
  "2114": {
    "code": "211400",
    "text": "葫芦岛市"
  },
  "2121": {
    "code": "212100",
    "text": "铁岭地区"
  },
  "2122": {
    "code": "212200",
    "text": "朝阳地区"
  },
  "2201": {
    "code": "220100",
    "text": "长春市"
  },
  "2202": {
    "code": "220200",
    "text": "吉林市"
  },
  "2203": {
    "code": "220300",
    "text": "四平市"
  },
  "2204": {
    "code": "220400",
    "text": "辽源市"
  },
  "2205": {
    "code": "220500",
    "text": "通化市"
  },
  "2206": {
    "code": "220600",
    "text": "白山市"
  },
  "2207": {
    "code": "220700",
    "text": "松原市"
  },
  "2208": {
    "code": "220800",
    "text": "白城市"
  },
  "2221": {
    "code": "222100",
    "text": "四平地区"
  },
  "2222": {
    "code": "222200",
    "text": "通化地区"
  },
  "2223": {
    "code": "222300",
    "text": "白城地区"
  },
  "2224": {
    "code": "222400",
    "text": "延边朝鲜族自治州"
  },
  "2225": {
    "code": "222500",
    "text": "德惠地区"
  },
  "2226": {
    "code": "222600",
    "text": "永吉地区"
  },
  "2301": {
    "code": "230100",
    "text": "哈尔滨市"
  },
  "2302": {
    "code": "230200",
    "text": "齐齐哈尔市"
  },
  "2303": {
    "code": "230300",
    "text": "鸡西市"
  },
  "2304": {
    "code": "230400",
    "text": "鹤岗市"
  },
  "2305": {
    "code": "230500",
    "text": "双鸭山市"
  },
  "2306": {
    "code": "230600",
    "text": "大庆市"
  },
  "2307": {
    "code": "230700",
    "text": "伊春市"
  },
  "2308": {
    "code": "230800",
    "text": "佳木斯市"
  },
  "2309": {
    "code": "230900",
    "text": "七台河市"
  },
  "2310": {
    "code": "231000",
    "text": "牡丹江市"
  },
  "2311": {
    "code": "231100",
    "text": "黑河市"
  },
  "2312": {
    "code": "231200",
    "text": "绥化市"
  },
  "2321": {
    "code": "232100",
    "text": "松花江地区"
  },
  "2322": {
    "code": "232200",
    "text": "嫩江地区"
  },
  "2323": {
    "code": "232300",
    "text": "绥化地区"
  },
  "2324": {
    "code": "232400",
    "text": "合江地区"
  },
  "2325": {
    "code": "232500",
    "text": "牡丹江地区"
  },
  "2326": {
    "code": "232600",
    "text": "黑河地区"
  },
  "2327": {
    "code": "232700",
    "text": "大兴安岭地区"
  },
  "3101": {
    "code": "310100",
    "text": "市辖区"
  },
  "3102": {
    "code": "310200",
    "text": "县"
  },
  "3201": {
    "code": "320100",
    "text": "南京市"
  },
  "3202": {
    "code": "320200",
    "text": "无锡市"
  },
  "3203": {
    "code": "320300",
    "text": "徐州市"
  },
  "3204": {
    "code": "320400",
    "text": "常州市"
  },
  "3205": {
    "code": "320500",
    "text": "苏州市"
  },
  "3206": {
    "code": "320600",
    "text": "南通市"
  },
  "3207": {
    "code": "320700",
    "text": "连云港市"
  },
  "3208": {
    "code": "320800",
    "text": "淮安市"
  },
  "3209": {
    "code": "320900",
    "text": "盐城市"
  },
  "3210": {
    "code": "321000",
    "text": "扬州市"
  },
  "3211": {
    "code": "321100",
    "text": "镇江市"
  },
  "3212": {
    "code": "321200",
    "text": "泰州市"
  },
  "3213": {
    "code": "321300",
    "text": "宿迁市"
  },
  "3221": {
    "code": "322100",
    "text": "徐州地区"
  },
  "3222": {
    "code": "322200",
    "text": "淮阴地区"
  },
  "3223": {
    "code": "322300",
    "text": "盐城地区"
  },
  "3224": {
    "code": "322400",
    "text": "扬州地区"
  },
  "3225": {
    "code": "322500",
    "text": "南通地区"
  },
  "3226": {
    "code": "322600",
    "text": "镇江地区"
  },
  "3227": {
    "code": "322700",
    "text": "苏州地区"
  },
  "3301": {
    "code": "330100",
    "text": "杭州市"
  },
  "3302": {
    "code": "330200",
    "text": "宁波市"
  },
  "3303": {
    "code": "330300",
    "text": "温州市"
  },
  "3304": {
    "code": "330400",
    "text": "嘉兴市"
  },
  "3305": {
    "code": "330500",
    "text": "湖州市"
  },
  "3306": {
    "code": "330600",
    "text": "绍兴市"
  },
  "3307": {
    "code": "330700",
    "text": "金华市"
  },
  "3308": {
    "code": "330800",
    "text": "衢州市"
  },
  "3309": {
    "code": "330900",
    "text": "舟山市"
  },
  "3310": {
    "code": "331000",
    "text": "台州市"
  },
  "3311": {
    "code": "331100",
    "text": "丽水市"
  },
  "3321": {
    "code": "332100",
    "text": "嘉兴地区"
  },
  "3322": {
    "code": "332200",
    "text": "宁波地区"
  },
  "3323": {
    "code": "332300",
    "text": "绍兴地区"
  },
  "3324": {
    "code": "332400",
    "text": "金华地区"
  },
  "3325": {
    "code": "332500",
    "text": "丽水地区"
  },
  "3326": {
    "code": "332600",
    "text": "台州地区"
  },
  "3327": {
    "code": "332700",
    "text": "舟山地区"
  },
  "3328": {
    "code": "332800",
    "text": "舟山地区"
  },
  "3401": {
    "code": "340100",
    "text": "合肥市"
  },
  "3402": {
    "code": "340200",
    "text": "芜湖市"
  },
  "3403": {
    "code": "340300",
    "text": "蚌埠市"
  },
  "3404": {
    "code": "340400",
    "text": "淮南市"
  },
  "3405": {
    "code": "340500",
    "text": "马鞍山市"
  },
  "3406": {
    "code": "340600",
    "text": "淮北市"
  },
  "3407": {
    "code": "340700",
    "text": "铜陵市"
  },
  "3408": {
    "code": "340800",
    "text": "安庆市"
  },
  "3410": {
    "code": "341000",
    "text": "黄山市"
  },
  "3411": {
    "code": "341100",
    "text": "滁州市"
  },
  "3412": {
    "code": "341200",
    "text": "阜阳市"
  },
  "3413": {
    "code": "341300",
    "text": "宿州市"
  },
  "3414": {
    "code": "341400",
    "text": "巢湖市"
  },
  "3415": {
    "code": "341500",
    "text": "六安市"
  },
  "3416": {
    "code": "341600",
    "text": "亳州市"
  },
  "3417": {
    "code": "341700",
    "text": "池州市"
  },
  "3418": {
    "code": "341800",
    "text": "宣城市"
  },
  "3421": {
    "code": "342100",
    "text": "阜阳地区"
  },
  "3422": {
    "code": "342200",
    "text": "宿县地区"
  },
  "3423": {
    "code": "342300",
    "text": "滁县地区"
  },
  "3424": {
    "code": "342400",
    "text": "六安地区"
  },
  "3425": {
    "code": "342500",
    "text": "宣城地区"
  },
  "3426": {
    "code": "342600",
    "text": "巢湖地区"
  },
  "3427": {
    "code": "342700",
    "text": "徽州地区"
  },
  "3428": {
    "code": "342800",
    "text": "安庆地区"
  },
  "3429": {
    "code": "342900",
    "text": "池州地区"
  },
  "3501": {
    "code": "350100",
    "text": "福州市"
  },
  "3502": {
    "code": "350200",
    "text": "厦门市"
  },
  "3503": {
    "code": "350300",
    "text": "莆田市"
  },
  "3504": {
    "code": "350400",
    "text": "三明市"
  },
  "3505": {
    "code": "350500",
    "text": "泉州市"
  },
  "3506": {
    "code": "350600",
    "text": "漳州市"
  },
  "3507": {
    "code": "350700",
    "text": "南平市"
  },
  "3508": {
    "code": "350800",
    "text": "龙岩市"
  },
  "3509": {
    "code": "350900",
    "text": "宁德市"
  },
  "3521": {
    "code": "352100",
    "text": "南平地区"
  },
  "3522": {
    "code": "352200",
    "text": "宁德地区"
  },
  "3523": {
    "code": "352300",
    "text": "莆田地区"
  },
  "3524": {
    "code": "352400",
    "text": "晋江地区"
  },
  "3525": {
    "code": "352500",
    "text": "龙溪地区"
  },
  "3526": {
    "code": "352600",
    "text": "龙岩地区"
  },
  "3527": {
    "code": "352700",
    "text": "三明地区"
  },
  "3528": {
    "code": "352800",
    "text": "三明地区"
  },
  "3601": {
    "code": "360100",
    "text": "南昌市"
  },
  "3602": {
    "code": "360200",
    "text": "景德镇市"
  },
  "3603": {
    "code": "360300",
    "text": "萍乡市"
  },
  "3604": {
    "code": "360400",
    "text": "九江市"
  },
  "3605": {
    "code": "360500",
    "text": "新余市"
  },
  "3606": {
    "code": "360600",
    "text": "鹰潭市"
  },
  "3607": {
    "code": "360700",
    "text": "赣州市"
  },
  "3608": {
    "code": "360800",
    "text": "吉安市"
  },
  "3609": {
    "code": "360900",
    "text": "宜春市"
  },
  "3610": {
    "code": "361000",
    "text": "抚州市"
  },
  "3611": {
    "code": "361100",
    "text": "上饶市"
  },
  "3621": {
    "code": "362100",
    "text": "赣州地区"
  },
  "3622": {
    "code": "362200",
    "text": "宜春地区"
  },
  "3623": {
    "code": "362300",
    "text": "上饶地区"
  },
  "3624": {
    "code": "362400",
    "text": "吉安地区"
  },
  "3625": {
    "code": "362500",
    "text": "抚州地区"
  },
  "3626": {
    "code": "362600",
    "text": "九江地区"
  },
  "3701": {
    "code": "370100",
    "text": "济南市"
  },
  "3702": {
    "code": "370200",
    "text": "青岛市"
  },
  "3703": {
    "code": "370300",
    "text": "淄博市"
  },
  "3704": {
    "code": "370400",
    "text": "枣庄市"
  },
  "3705": {
    "code": "370500",
    "text": "东营市"
  },
  "3706": {
    "code": "370600",
    "text": "烟台市"
  },
  "3707": {
    "code": "370700",
    "text": "潍坊市"
  },
  "3708": {
    "code": "370800",
    "text": "济宁市"
  },
  "3709": {
    "code": "370900",
    "text": "泰安市"
  },
  "3710": {
    "code": "371000",
    "text": "威海市"
  },
  "3711": {
    "code": "371100",
    "text": "日照市"
  },
  "3712": {
    "code": "371200",
    "text": "莱芜市"
  },
  "3713": {
    "code": "371300",
    "text": "临沂市"
  },
  "3714": {
    "code": "371400",
    "text": "德州市"
  },
  "3715": {
    "code": "371500",
    "text": "聊城市"
  },
  "3716": {
    "code": "371600",
    "text": "滨州市"
  },
  "3717": {
    "code": "371700",
    "text": "菏泽市"
  },
  "3721": {
    "code": "372100",
    "text": "烟台地区"
  },
  "3722": {
    "code": "372200",
    "text": "潍坊地区"
  },
  "3723": {
    "code": "372300",
    "text": "滨州地区"
  },
  "3724": {
    "code": "372400",
    "text": "德州地区"
  },
  "3725": {
    "code": "372500",
    "text": "聊城地区"
  },
  "3726": {
    "code": "372600",
    "text": "泰安地区"
  },
  "3727": {
    "code": "372700",
    "text": "济宁地区"
  },
  "3728": {
    "code": "372800",
    "text": "临沂地区"
  },
  "3729": {
    "code": "372900",
    "text": "菏泽地区"
  },
  "4101": {
    "code": "410100",
    "text": "郑州市"
  },
  "4102": {
    "code": "410200",
    "text": "开封市"
  },
  "4103": {
    "code": "410300",
    "text": "洛阳市"
  },
  "4104": {
    "code": "410400",
    "text": "平顶山市"
  },
  "4105": {
    "code": "410500",
    "text": "安阳市"
  },
  "4106": {
    "code": "410600",
    "text": "鹤壁市"
  },
  "4107": {
    "code": "410700",
    "text": "新乡市"
  },
  "4108": {
    "code": "410800",
    "text": "焦作市"
  },
  "4109": {
    "code": "410900",
    "text": "濮阳市"
  },
  "4110": {
    "code": "411000",
    "text": "许昌市"
  },
  "4111": {
    "code": "411100",
    "text": "漯河市"
  },
  "4112": {
    "code": "411200",
    "text": "三门峡市"
  },
  "4113": {
    "code": "411300",
    "text": "南阳市"
  },
  "4114": {
    "code": "411400",
    "text": "商丘市"
  },
  "4115": {
    "code": "411500",
    "text": "信阳市"
  },
  "4116": {
    "code": "411600",
    "text": "周口市"
  },
  "4117": {
    "code": "411700",
    "text": "驻马店市"
  },
  "4121": {
    "code": "412100",
    "text": "安阳地区"
  },
  "4122": {
    "code": "412200",
    "text": "新乡地区"
  },
  "4123": {
    "code": "412300",
    "text": "商丘地区"
  },
  "4124": {
    "code": "412400",
    "text": "开封地区"
  },
  "4125": {
    "code": "412500",
    "text": "洛阳地区"
  },
  "4126": {
    "code": "412600",
    "text": "许昌地区"
  },
  "4127": {
    "code": "412700",
    "text": "周口地区"
  },
  "4128": {
    "code": "412800",
    "text": "驻马店地区"
  },
  "4129": {
    "code": "412900",
    "text": "南阳地区"
  },
  "4130": {
    "code": "413000",
    "text": "信阳地区"
  },
  "4201": {
    "code": "420100",
    "text": "武汉市"
  },
  "4202": {
    "code": "420200",
    "text": "黄石市"
  },
  "4203": {
    "code": "420300",
    "text": "十堰市"
  },
  "4204": {
    "code": "420400",
    "text": "沙市市"
  },
  "4205": {
    "code": "420500",
    "text": "宜昌市"
  },
  "4206": {
    "code": "420600",
    "text": "襄阳市"
  },
  "4207": {
    "code": "420700",
    "text": "鄂州市"
  },
  "4208": {
    "code": "420800",
    "text": "荆门市"
  },
  "4209": {
    "code": "420900",
    "text": "孝感市"
  },
  "4210": {
    "code": "421000",
    "text": "荆州市"
  },
  "4211": {
    "code": "421100",
    "text": "黄冈市"
  },
  "4212": {
    "code": "421200",
    "text": "咸宁市"
  },
  "4213": {
    "code": "421300",
    "text": "随州市"
  },
  "4221": {
    "code": "422100",
    "text": "黄冈地区"
  },
  "4222": {
    "code": "422200",
    "text": "孝感地区"
  },
  "4223": {
    "code": "422300",
    "text": "咸宁地区"
  },
  "4224": {
    "code": "422400",
    "text": "荆州地区"
  },
  "4225": {
    "code": "422500",
    "text": "襄阳地区"
  },
  "4226": {
    "code": "422600",
    "text": "郧阳地区"
  },
  "4227": {
    "code": "422700",
    "text": "宜昌地区"
  },
  "4228": {
    "code": "422800",
    "text": "恩施土家族苗族自治州"
  },
  "4301": {
    "code": "430100",
    "text": "长沙市"
  },
  "4302": {
    "code": "430200",
    "text": "株洲市"
  },
  "4303": {
    "code": "430300",
    "text": "湘潭市"
  },
  "4304": {
    "code": "430400",
    "text": "衡阳市"
  },
  "4305": {
    "code": "430500",
    "text": "邵阳市"
  },
  "4306": {
    "code": "430600",
    "text": "岳阳市"
  },
  "4307": {
    "code": "430700",
    "text": "常德市"
  },
  "4308": {
    "code": "430800",
    "text": "张家界市"
  },
  "4309": {
    "code": "430900",
    "text": "益阳市"
  },
  "4310": {
    "code": "431000",
    "text": "郴州市"
  },
  "4311": {
    "code": "431100",
    "text": "永州市"
  },
  "4312": {
    "code": "431200",
    "text": "怀化市"
  },
  "4313": {
    "code": "431300",
    "text": "娄底市"
  },
  "4321": {
    "code": "432100",
    "text": "湘潭地区"
  },
  "4322": {
    "code": "432200",
    "text": "岳阳地区"
  },
  "4323": {
    "code": "432300",
    "text": "益阳地区"
  },
  "4324": {
    "code": "432400",
    "text": "常德地区"
  },
  "4325": {
    "code": "432500",
    "text": "娄底地区"
  },
  "4326": {
    "code": "432600",
    "text": "邵阳地区"
  },
  "4327": {
    "code": "432700",
    "text": "衡阳地区"
  },
  "4328": {
    "code": "432800",
    "text": "郴州地区"
  },
  "4329": {
    "code": "432900",
    "text": "零陵地区"
  },
  "4330": {
    "code": "433000",
    "text": "怀化地区"
  },
  "4331": {
    "code": "433100",
    "text": "湘西土家族苗族自治州"
  },
  "4401": {
    "code": "440100",
    "text": "广州市"
  },
  "4402": {
    "code": "440200",
    "text": "韶关市"
  },
  "4403": {
    "code": "440300",
    "text": "深圳市"
  },
  "4404": {
    "code": "440400",
    "text": "珠海市"
  },
  "4405": {
    "code": "440500",
    "text": "汕头市"
  },
  "4406": {
    "code": "440600",
    "text": "佛山市"
  },
  "4407": {
    "code": "440700",
    "text": "江门市"
  },
  "4408": {
    "code": "440800",
    "text": "湛江市"
  },
  "4409": {
    "code": "440900",
    "text": "茂名市"
  },
  "4410": {
    "code": "441000",
    "text": "海口市"
  },
  "4411": {
    "code": "441100",
    "text": "三亚市"
  },
  "4412": {
    "code": "441200",
    "text": "肇庆市"
  },
  "4413": {
    "code": "441300",
    "text": "惠州市"
  },
  "4414": {
    "code": "441400",
    "text": "梅州市"
  },
  "4415": {
    "code": "441500",
    "text": "汕尾市"
  },
  "4416": {
    "code": "441600",
    "text": "河源市"
  },
  "4417": {
    "code": "441700",
    "text": "阳江市"
  },
  "4418": {
    "code": "441800",
    "text": "清远市"
  },
  "4419": {
    "code": "441900",
    "text": "东莞市"
  },
  "4420": {
    "code": "442000",
    "text": "中山市"
  },
  "4421": {
    "code": "442100",
    "text": "海南行政区"
  },
  "4422": {
    "code": "442200",
    "text": "海南黎族苗族自治州"
  },
  "4423": {
    "code": "442300",
    "text": "汕头地区"
  },
  "4424": {
    "code": "442400",
    "text": "梅县地区"
  },
  "4425": {
    "code": "442500",
    "text": "惠阳地区"
  },
  "4426": {
    "code": "442600",
    "text": "韶关地区"
  },
  "4427": {
    "code": "442700",
    "text": "佛山地区"
  },
  "4428": {
    "code": "442800",
    "text": "肇庆地区"
  },
  "4429": {
    "code": "442900",
    "text": "湛江地区"
  },
  "4451": {
    "code": "445100",
    "text": "潮州市"
  },
  "4452": {
    "code": "445200",
    "text": "揭阳市"
  },
  "4453": {
    "code": "445300",
    "text": "云浮市"
  },
  "4501": {
    "code": "450100",
    "text": "南宁市"
  },
  "4502": {
    "code": "450200",
    "text": "柳州市"
  },
  "4503": {
    "code": "450300",
    "text": "桂林市"
  },
  "4504": {
    "code": "450400",
    "text": "梧州市"
  },
  "4505": {
    "code": "450500",
    "text": "北海市"
  },
  "4506": {
    "code": "450600",
    "text": "防城港市"
  },
  "4507": {
    "code": "450700",
    "text": "钦州市"
  },
  "4508": {
    "code": "450800",
    "text": "贵港市"
  },
  "4509": {
    "code": "450900",
    "text": "玉林市"
  },
  "4510": {
    "code": "451000",
    "text": "百色市"
  },
  "4511": {
    "code": "451100",
    "text": "贺州市"
  },
  "4512": {
    "code": "451200",
    "text": "河池市"
  },
  "4513": {
    "code": "451300",
    "text": "来宾市"
  },
  "4514": {
    "code": "451400",
    "text": "崇左市"
  },
  "4521": {
    "code": "452100",
    "text": "南宁地区"
  },
  "4522": {
    "code": "452200",
    "text": "柳州地区"
  },
  "4523": {
    "code": "452300",
    "text": "桂林地区"
  },
  "4524": {
    "code": "452400",
    "text": "贺州地区"
  },
  "4525": {
    "code": "452500",
    "text": "玉林地区"
  },
  "4526": {
    "code": "452600",
    "text": "百色地区"
  },
  "4527": {
    "code": "452700",
    "text": "河池地区"
  },
  "4528": {
    "code": "452800",
    "text": "钦州地区"
  },
  "4601": {
    "code": "460100",
    "text": "海口市"
  },
  "4602": {
    "code": "460200",
    "text": "三亚市"
  },
  "4603": {
    "code": "460300",
    "text": "三沙市"
  },
  "4604": {
    "code": "460400",
    "text": "儋州市"
  },
  "5001": {
    "code": "500100",
    "text": "市辖区"
  },
  "5002": {
    "code": "500200",
    "text": "县"
  },
  "5003": {
    "code": "500300",
    "text": "市"
  },
  "5101": {
    "code": "510100",
    "text": "成都市"
  },
  "5102": {
    "code": "510200",
    "text": "重庆市"
  },
  "5103": {
    "code": "510300",
    "text": "自贡市"
  },
  "5104": {
    "code": "510400",
    "text": "攀枝花市"
  },
  "5105": {
    "code": "510500",
    "text": "泸州市"
  },
  "5106": {
    "code": "510600",
    "text": "德阳市"
  },
  "5107": {
    "code": "510700",
    "text": "绵阳市"
  },
  "5108": {
    "code": "510800",
    "text": "广元市"
  },
  "5109": {
    "code": "510900",
    "text": "遂宁市"
  },
  "5110": {
    "code": "511000",
    "text": "内江市"
  },
  "5111": {
    "code": "511100",
    "text": "乐山市"
  },
  "5112": {
    "code": "511200",
    "text": "万县市"
  },
  "5113": {
    "code": "511300",
    "text": "南充市"
  },
  "5114": {
    "code": "511400",
    "text": "眉山市"
  },
  "5115": {
    "code": "511500",
    "text": "宜宾市"
  },
  "5116": {
    "code": "511600",
    "text": "广安市"
  },
  "5117": {
    "code": "511700",
    "text": "达州市"
  },
  "5118": {
    "code": "511800",
    "text": "雅安市"
  },
  "5119": {
    "code": "511900",
    "text": "巴中市"
  },
  "5120": {
    "code": "512000",
    "text": "资阳市"
  },
  "5121": {
    "code": "512100",
    "text": "永川地区"
  },
  "5122": {
    "code": "512200",
    "text": "万县地区"
  },
  "5123": {
    "code": "512300",
    "text": "涪陵地区"
  },
  "5124": {
    "code": "512400",
    "text": "内江地区"
  },
  "5125": {
    "code": "512500",
    "text": "宜宾地区"
  },
  "5126": {
    "code": "512600",
    "text": "乐山地区"
  },
  "5127": {
    "code": "512700",
    "text": "温江地区"
  },
  "5128": {
    "code": "512800",
    "text": "绵阳地区"
  },
  "5129": {
    "code": "512900",
    "text": "南充地区"
  },
  "5130": {
    "code": "513000",
    "text": "达川地区"
  },
  "5131": {
    "code": "513100",
    "text": "雅安地区"
  },
  "5132": {
    "code": "513200",
    "text": "阿坝藏族羌族自治州"
  },
  "5133": {
    "code": "513300",
    "text": "甘孜藏族自治州"
  },
  "5134": {
    "code": "513400",
    "text": "凉山彝族自治州"
  },
  "5135": {
    "code": "513500",
    "text": "黔江地区"
  },
  "5136": {
    "code": "513600",
    "text": "广安地区"
  },
  "5137": {
    "code": "513700",
    "text": "巴中地区"
  },
  "5138": {
    "code": "513800",
    "text": "眉山地区"
  },
  "5139": {
    "code": "513900",
    "text": "资阳地区"
  },
  "5170": {
    "code": "517000",
    "text": "涪陵市"
  },
  "5201": {
    "code": "520100",
    "text": "贵阳市"
  },
  "5202": {
    "code": "520200",
    "text": "六盘水市"
  },
  "5203": {
    "code": "520300",
    "text": "遵义市"
  },
  "5204": {
    "code": "520400",
    "text": "安顺市"
  },
  "5205": {
    "code": "520500",
    "text": "毕节市"
  },
  "5206": {
    "code": "520600",
    "text": "铜仁市"
  },
  "5221": {
    "code": "522100",
    "text": "遵义地区"
  },
  "5222": {
    "code": "522200",
    "text": "铜仁地区"
  },
  "5223": {
    "code": "522300",
    "text": "黔西南布依族苗族自治州"
  },
  "5224": {
    "code": "522400",
    "text": "毕节地区"
  },
  "5225": {
    "code": "522500",
    "text": "安顺地区"
  },
  "5226": {
    "code": "522600",
    "text": "黔东南苗族侗族自治州"
  },
  "5227": {
    "code": "522700",
    "text": "黔南布依族苗族自治州"
  },
  "5301": {
    "code": "530100",
    "text": "昆明市"
  },
  "5302": {
    "code": "530200",
    "text": "东川市"
  },
  "5303": {
    "code": "530300",
    "text": "曲靖市"
  },
  "5304": {
    "code": "530400",
    "text": "玉溪市"
  },
  "5305": {
    "code": "530500",
    "text": "保山市"
  },
  "5306": {
    "code": "530600",
    "text": "昭通市"
  },
  "5307": {
    "code": "530700",
    "text": "丽江市"
  },
  "5308": {
    "code": "530800",
    "text": "普洱市"
  },
  "5309": {
    "code": "530900",
    "text": "临沧市"
  },
  "5321": {
    "code": "532100",
    "text": "昭通地区"
  },
  "5322": {
    "code": "532200",
    "text": "曲靖地区"
  },
  "5323": {
    "code": "532300",
    "text": "楚雄彝族自治州"
  },
  "5324": {
    "code": "532400",
    "text": "玉溪地区"
  },
  "5325": {
    "code": "532500",
    "text": "红河哈尼族彝族自治州"
  },
  "5326": {
    "code": "532600",
    "text": "文山壮族苗族自治州"
  },
  "5327": {
    "code": "532700",
    "text": "思茅地区"
  },
  "5328": {
    "code": "532800",
    "text": "西双版纳傣族自治州"
  },
  "5329": {
    "code": "532900",
    "text": "大理白族自治州"
  },
  "5330": {
    "code": "533000",
    "text": "保山地区"
  },
  "5331": {
    "code": "533100",
    "text": "德宏傣族景颇族自治州"
  },
  "5332": {
    "code": "533200",
    "text": "丽江地区"
  },
  "5333": {
    "code": "533300",
    "text": "怒江傈僳族自治州"
  },
  "5334": {
    "code": "533400",
    "text": "迪庆藏族自治州"
  },
  "5335": {
    "code": "533500",
    "text": "临沧地区"
  },
  "5401": {
    "code": "540100",
    "text": "拉萨市"
  },
  "5402": {
    "code": "540200",
    "text": "日喀则市"
  },
  "5403": {
    "code": "540300",
    "text": "昌都市"
  },
  "5404": {
    "code": "540400",
    "text": "林芝市"
  },
  "5405": {
    "code": "540500",
    "text": "山南市"
  },
  "5406": {
    "code": "540600",
    "text": "那曲市"
  },
  "5421": {
    "code": "542100",
    "text": "昌都地区"
  },
  "5422": {
    "code": "542200",
    "text": "山南地区"
  },
  "5423": {
    "code": "542300",
    "text": "日喀则地区"
  },
  "5424": {
    "code": "542400",
    "text": "那曲地区"
  },
  "5425": {
    "code": "542500",
    "text": "阿里地区"
  },
  "5426": {
    "code": "542600",
    "text": "林芝地区"
  },
  "5427": {
    "code": "542700",
    "text": "江孜地区"
  },
  "6101": {
    "code": "610100",
    "text": "西安市"
  },
  "6102": {
    "code": "610200",
    "text": "铜川市"
  },
  "6103": {
    "code": "610300",
    "text": "宝鸡市"
  },
  "6104": {
    "code": "610400",
    "text": "咸阳市"
  },
  "6105": {
    "code": "610500",
    "text": "渭南市"
  },
  "6106": {
    "code": "610600",
    "text": "延安市"
  },
  "6107": {
    "code": "610700",
    "text": "汉中市"
  },
  "6108": {
    "code": "610800",
    "text": "榆林市"
  },
  "6109": {
    "code": "610900",
    "text": "安康市"
  },
  "6110": {
    "code": "611000",
    "text": "商洛市"
  },
  "6121": {
    "code": "612100",
    "text": "渭南地区"
  },
  "6122": {
    "code": "612200",
    "text": "咸阳地区"
  },
  "6123": {
    "code": "612300",
    "text": "汉中地区"
  },
  "6124": {
    "code": "612400",
    "text": "安康地区"
  },
  "6125": {
    "code": "612500",
    "text": "商洛地区"
  },
  "6126": {
    "code": "612600",
    "text": "延安地区"
  },
  "6127": {
    "code": "612700",
    "text": "榆林地区"
  },
  "6201": {
    "code": "620100",
    "text": "兰州市"
  },
  "6202": {
    "code": "620200",
    "text": "嘉峪关市"
  },
  "6203": {
    "code": "620300",
    "text": "金昌市"
  },
  "6204": {
    "code": "620400",
    "text": "白银市"
  },
  "6205": {
    "code": "620500",
    "text": "天水市"
  },
  "6206": {
    "code": "620600",
    "text": "武威市"
  },
  "6207": {
    "code": "620700",
    "text": "张掖市"
  },
  "6208": {
    "code": "620800",
    "text": "平凉市"
  },
  "6209": {
    "code": "620900",
    "text": "酒泉市"
  },
  "6210": {
    "code": "621000",
    "text": "庆阳市"
  },
  "6211": {
    "code": "621100",
    "text": "定西市"
  },
  "6212": {
    "code": "621200",
    "text": "陇南市"
  },
  "6221": {
    "code": "622100",
    "text": "酒泉地区"
  },
  "6222": {
    "code": "622200",
    "text": "张掖地区"
  },
  "6223": {
    "code": "622300",
    "text": "武威地区"
  },
  "6224": {
    "code": "622400",
    "text": "定西地区"
  },
  "6225": {
    "code": "622500",
    "text": "天水地区"
  },
  "6226": {
    "code": "622600",
    "text": "陇南地区"
  },
  "6227": {
    "code": "622700",
    "text": "平凉地区"
  },
  "6228": {
    "code": "622800",
    "text": "庆阳地区"
  },
  "6229": {
    "code": "622900",
    "text": "临夏回族自治州"
  },
  "6230": {
    "code": "623000",
    "text": "甘南藏族自治州"
  },
  "6301": {
    "code": "630100",
    "text": "西宁市"
  },
  "6302": {
    "code": "630200",
    "text": "海东市"
  },
  "6321": {
    "code": "632100",
    "text": "海东地区"
  },
  "6322": {
    "code": "632200",
    "text": "海北藏族自治州"
  },
  "6323": {
    "code": "632300",
    "text": "黄南藏族自治州"
  },
  "6325": {
    "code": "632500",
    "text": "海南藏族自治州"
  },
  "6326": {
    "code": "632600",
    "text": "果洛藏族自治州"
  },
  "6327": {
    "code": "632700",
    "text": "玉树藏族自治州"
  },
  "6328": {
    "code": "632800",
    "text": "海西蒙古族藏族自治州"
  },
  "6401": {
    "code": "640100",
    "text": "银川市"
  },
  "6402": {
    "code": "640200",
    "text": "石嘴山市"
  },
  "6403": {
    "code": "640300",
    "text": "吴忠市"
  },
  "6404": {
    "code": "640400",
    "text": "固原市"
  },
  "6405": {
    "code": "640500",
    "text": "中卫市"
  },
  "6421": {
    "code": "642100",
    "text": "银南地区"
  },
  "6422": {
    "code": "642200",
    "text": "固原地区"
  },
  "6501": {
    "code": "650100",
    "text": "乌鲁木齐市"
  },
  "6502": {
    "code": "650200",
    "text": "克拉玛依市"
  },
  "6503": {
    "code": "650300",
    "text": "石河子市"
  },
  "6504": {
    "code": "650400",
    "text": "吐鲁番市"
  },
  "6505": {
    "code": "650500",
    "text": "哈密市"
  },
  "6521": {
    "code": "652100",
    "text": "吐鲁番地区"
  },
  "6522": {
    "code": "652200",
    "text": "哈密地区"
  },
  "6523": {
    "code": "652300",
    "text": "昌吉回族自治州"
  },
  "6524": {
    "code": "652400",
    "text": "伊犁哈萨克自治州"
  },
  "6525": {
    "code": "652500",
    "text": "塔城地区"
  },
  "6526": {
    "code": "652600",
    "text": "阿勒泰地区"
  },
  "6527": {
    "code": "652700",
    "text": "博尔塔拉蒙古自治州"
  },
  "6528": {
    "code": "652800",
    "text": "巴音郭楞蒙古自治州"
  },
  "6529": {
    "code": "652900",
    "text": "阿克苏地区"
  },
  "6530": {
    "code": "653000",
    "text": "克孜勒苏柯尔克孜自治州"
  },
  "6531": {
    "code": "653100",
    "text": "喀什地区"
  },
  "6532": {
    "code": "653200",
    "text": "和田地区"
  },
  "6540": {
    "code": "654000",
    "text": "伊犁哈萨克自治州"
  },
  "6541": {
    "code": "654100",
    "text": "伊犁地区"
  },
  "6542": {
    "code": "654200",
    "text": "塔城地区"
  },
  "6543": {
    "code": "654300",
    "text": "阿勒泰地区"
  }
}
